{"normalized_score": -0.7022749752720079, "smoothed_normalized_score": -0.9944678417705243, "completion": 33.33333333333333, "smoothed_completion": 0.6633333333333338, "_runtime": 148, "_timestamp": 1622038766, "_step": 3}